﻿<?xml version="1.0"?>
<doc>
<assembly>
<name>
Schiebepuzzle
</name>
</assembly>
<members>
<member name="T:Schiebepuzzle.My.MyWpfExtension">
 <summary>
 Modul zum Definieren der im My-Namespace für WPF verfügbaren Eigenschaften
 </summary>
 <remarks></remarks>
</member>
<member name="P:Schiebepuzzle.My.MyWpfExtension.Application">
 <summary>
 Gibt das Anwendungsobjekt für die ausgeführte Anwendung zurück.
 </summary>
</member>
<member name="P:Schiebepuzzle.My.MyWpfExtension.Computer">
 <summary>
 Gibt Informationen über den Hostcomputer zurück.
 </summary>
</member>
<member name="P:Schiebepuzzle.My.MyWpfExtension.User">
 <summary>
 Gibt Informationen über den aktuellen Benutzer zurück.  Wenn Sie die Anwendung mit den aktuellen Windows-
 Anmeldeinformationen ausführen möchten, rufen Sie My.User.InitializeWithWindowsUser() auf.
 </summary>
</member>
<member name="P:Schiebepuzzle.My.MyWpfExtension.Log">
 <summary>
 Gibt das Anwendungsprotokoll zurück. Die Listener können in der Konfigurationsdatei der Anwendung konfiguriert werden.
 </summary>
</member>
<member name="P:Schiebepuzzle.My.MyWpfExtension.Windows">
 <summary>
 Gibt die im Projekt definierte Windows-Sammlung zurück.
 </summary>
</member>
<member name="T:Schiebepuzzle.My.Resources.Resources">
<summary>
  Eine stark typisierte Ressourcenklasse zum Suchen von lokalisierten Zeichenfolgen usw.
</summary>
</member>
<member name="P:Schiebepuzzle.My.Resources.Resources.ResourceManager">
<summary>
  Gibt die zwischengespeicherte ResourceManager-Instanz zurück, die von dieser Klasse verwendet wird.
</summary>
</member>
<member name="P:Schiebepuzzle.My.Resources.Resources.Culture">
<summary>
  Überschreibt die CurrentUICulture-Eigenschaft des aktuellen Threads für alle
  Ressourcenzuordnungen, die diese stark typisierte Ressourcenklasse verwenden.
</summary>
</member>
<member name="T:Schiebepuzzle.Helper.Serializer.ISerializer">
 <summary>
 Interface für Serializer
 </summary>
</member>
<member name="T:Schiebepuzzle.Helper.Serializer.XmlSerializer">
 <summary>
 Der XMLSerializer serialisiert eine beliebige Klasse welche auch Primitiven Datentypen oder solchen welche als Serialisiert gekennzeichnet sind
 Klasse ist generisch aufgebaut und gibt die selbe Type von Klasse zurück welche ihm übergeben wird.
 </summary>
</member>
<member name="M:Schiebepuzzle.Helper.Serializer.XmlSerializer.Serialize``1(System.String,``0)">
 <summary>
 Serialisiert eine Klasse in ein XML
 </summary>
 <typeparam name="T">Den Klassentyp angeben</typeparam>
 <param name="path">Der Dateipfad inkl. Dateiendung angeben</param>
 <param name="instance">Die Instanz der Klasse welche serialisiert werden soll</param>
</member>
<member name="M:Schiebepuzzle.Helper.Serializer.XmlSerializer.SaveToStream``1(System.IO.Stream,``0)">
 <summary>
 Serialisiert eine Klasse über einen Stream
 </summary>
 <typeparam name="T">Den Klassentyp angeben</typeparam>
 <param name="s">Der Stream welcher die Daten enthält (Filestream, MemoryStream,...)</param>
 <param name="o">Die Instanz der Klasse welche serialisiert werden soll</param>
</member>
<member name="M:Schiebepuzzle.Helper.Serializer.XmlSerializer.DeSerialize``1(System.String,``0)">
 <summary>
 Deserialisiert eine XML in eine Klasseninstanz - Die Instanz muss also nicht erstellt sein.
 </summary>
 <typeparam name="T">Der Typ der Klasse welche erwartet wird.</typeparam>
 <param name="path">Der Pfad zur XML-Datei inkl. Dateiendung</param>
 <param name="defaultInstance">Die Instanz der Klasse falls die Datei noch nicht Existiert oder nicht gefunden werden kann</param>
 <returns>Gibt die Deserialissierte Klasse zurück</returns>
</member>
<member name="M:Schiebepuzzle.Helper.Serializer.XmlSerializer.LoadFromStream``1(System.IO.Stream)">
 <summary>
 Läd ein Klasse generisch über einen Stream, Methode ist gut geeignet für UnitTests
 </summary>
 <typeparam name="T">Der Typ der Klasse welche erwartet wird</typeparam>
 <param name="s">Der Stream welcher die Daten enthält (Filestream, MemoryStream,...)</param>
 <returns>Gibt die Deserialisierte Klasse zurück</returns>
</member>
<member name="T:Schiebepuzzle.Model.RelayCommand">
 <summary>
 Diese Klasse Implementiert das ICommand Interface, so muss man nicht in jeder Klasse eines ViewModel alles selbst implementieren.
 Einfach eine Command wie folgt Instanzieren:
 MyCommand = New RelayCommand(AddressOf MyCommand_Execute, AddressOf MyCommand_CanExecute)
 </summary>
</member>
<member name="M:Schiebepuzzle.Model.RelayCommand.#ctor(System.Action{System.Object})">
 <summary>
 Erstellt einen neuen Command welcher NUR Executed werden kann.
 </summary>
 <param name="execute">The execution logic.</param>
 <remarks></remarks>
</member>
<member name="M:Schiebepuzzle.Model.RelayCommand.#ctor(System.Action{System.Object},System.Predicate{System.Object})">
 <summary>
 Erstellt einen neuen Command welcher sowohl die Execute als auch die CanExecute Logik beinhaltet.
 </summary>
 <param name="execute">Die Logik für Execute.</param>
 <param name="canExecute">Die Logik für CanExecute.</param>
 <remarks></remarks>
</member>
<member name="M:Schiebepuzzle.Model.RelayCommand.CanExecute(System.Object)">
 <summary>
 Setzt die CanExecute-Methode des ICommand-Interfaces auf True oder False
 </summary>
 <param name="parameter"></param>
 <returns>Gibt zurück ob die Aktion ausgeführt werden kann oder nicht</returns>
 <remarks>
 Benutzt DebuggerStepThrough from System.Diagnostics
 Der Debugger überspringt diese Prozedur also, es sei den es wird explizit ein Haltepunkt gesetzt.
 </remarks>
</member>
<member name="E:Schiebepuzzle.Model.RelayCommand.CanExecuteChanged">
 <summary>
 Event welches geworfen wird wenn die Propertie CanExecuteChanged sich ändert.
 </summary>
 <remarks></remarks>
</member>
<member name="M:Schiebepuzzle.Model.RelayCommand.Execute(System.Object)">
 <summary>
 Führt die Prozedur Execute des ICommand.Execute aus
 </summary>
 <param name="parameter"></param>
 <remarks></remarks>
</member>
<member name="M:Schiebepuzzle.ViewModel.GamePlay.#ctor">
 <summary>
 !!! Constructor only for Designtime-Support !!!
 </summary>
</member>
<member name="P:Schiebepuzzle.ViewModel.ViewModelBase.IsInDesignMode">
 <summary>
 Gibt zurück ob sich die ausführung des Codes aktuell in der Entwicklungszeit oder in der Laufzeit befindet.
 Für eine Logausgabe muss das LogAction Propertie genutzt werden.
 </summary>
 <returns>Wird Code des ViewModels vom XAML Designer ausgeführt wird True zurückgegeben.</returns>
</member>
<member name="M:Schiebepuzzle.ViewModel.ViewModelBase.RaisePropertyChanged(System.String)">
 <summary>
 Prozedur wirft den INotifyPropertyChanged Event welcher in der WPF benötigt wird um die UI zu verständingen
 das eine Änderung an einem Property stattgefunden hat.
 </summary>
 <param name="prop">Das Propertie welches sich geändert hat. Ist Optional da als Parameter "CallerMemberName" verwendet wird. Wird Nothing übergeben werden alle PRoperties des Views aktualisiert!!</param>
</member>
<member name="T:Schiebepuzzle.uclFooter">
<summary>
uclFooter
</summary>
</member>
<member name="M:Schiebepuzzle.uclFooter.InitializeComponent">
<summary>
InitializeComponent
</summary>
</member>
<member name="T:Schiebepuzzle.uclGameField">
<summary>
uclGameField
</summary>
</member>
<member name="M:Schiebepuzzle.uclGameField.InitializeComponent">
<summary>
InitializeComponent
</summary>
</member>
<member name="T:Schiebepuzzle.uclGameSettings">
<summary>
uclGameSettings
</summary>
</member>
<member name="M:Schiebepuzzle.uclGameSettings.InitializeComponent">
<summary>
InitializeComponent
</summary>
</member>
<member name="T:Schiebepuzzle.uclGameStatus">
<summary>
uclGameStatus
</summary>
</member>
<member name="M:Schiebepuzzle.uclGameStatus.InitializeComponent">
<summary>
InitializeComponent
</summary>
</member>
<member name="T:Schiebepuzzle.uclTopMenu">
<summary>
uclTopMenu
</summary>
</member>
<member name="M:Schiebepuzzle.uclTopMenu.InitializeComponent">
<summary>
InitializeComponent
</summary>
</member>
<member name="T:Schiebepuzzle.Application">
<summary>
Application
</summary>
</member>
<member name="M:Schiebepuzzle.Application.InitializeComponent">
<summary>
InitializeComponent
</summary>
</member>
<member name="M:Schiebepuzzle.Application.Main">
<summary>
Application Entry Point.
</summary>
</member>
<member name="T:Schiebepuzzle.MainWindow">
<summary>
MainWindow
</summary>
</member>
<member name="M:Schiebepuzzle.MainWindow.InitializeComponent">
<summary>
InitializeComponent
</summary>
</member>
</members>
</doc>
